feature,keywords,traffic,top3_share
Sitelinks,225,1907.0,0.5022222222222222
Video,204,1823.0,0.5049019607843137
AI overview,139,1504.0,0.6762589928057554
Local pack,186,1365.0,0.5698924731182796
People also ask,150,1335.0,0.6933333333333334
Image pack,161,1322.0,0.5093167701863354
Ads bottom,36,538.0,0.5833333333333334
Ads top,8,48.0,0.375
