feature,keywords,traffic,top3_share
Sitelinks,825,10509.0,0.7333333333333333
Video,405,6668.0,0.6469135802469136
Local pack,551,6543.0,0.7767695099818511
Image pack,287,4803.0,0.6794425087108014
AI overview,425,3992.0,0.7576470588235295
Ads bottom,104,3431.0,0.7211538461538461
People also ask,258,3213.0,0.8255813953488372
Ads top,53,2602.0,0.5660377358490566
