feature,keywords,traffic,top3_share
Sitelinks,38,227.0,0.42105263157894735
Video,27,184.0,0.4444444444444444
Image pack,27,175.0,0.48148148148148145
Local pack,28,162.0,0.4642857142857143
AI overview,21,112.0,0.5238095238095238
People also ask,18,92.0,0.7222222222222222
Ads bottom,2,10.0,0.0
Ads top,1,2.0,0.0
