feature,keywords,traffic,top3_share
Sitelinks,1296,14581.0,0.5246913580246914
Local pack,1202,12487.0,0.5266222961730449
Video,481,8209.0,0.5051975051975052
Image pack,440,5063.0,0.48863636363636365
AI overview,325,4458.0,0.72
People also ask,290,4169.0,0.6758620689655173
Ads bottom,148,4127.0,0.5
Ads top,80,3578.0,0.45
