feature,keywords,traffic,top3_share
Image pack,27,458.0,0.4444444444444444
Video,20,447.0,0.5
People also ask,11,424.0,0.5454545454545454
Sitelinks,22,424.0,0.4090909090909091
Local pack,17,47.0,0.4117647058823529
AI overview,10,42.0,0.7
Ads bottom,1,2.0,0.0
Ads top,1,1.0,0.0
