feature,keywords,traffic,top3_share
Sitelinks,685,5068.0,0.5036496350364964
Video,571,4717.0,0.5359019264448336
Local pack,400,2796.0,0.4775
AI overview,403,2789.0,0.6129032258064516
People also ask,299,2515.0,0.6421404682274248
Image pack,263,1957.0,0.5285171102661597
Ads bottom,69,905.0,0.2753623188405797
Ads top,25,446.0,0.2
