feature,keywords,traffic,top3_share
Video,206,1900.0,0.4077669902912621
Sitelinks,185,1633.0,0.372972972972973
People also ask,88,1186.0,0.625
Local pack,104,871.0,0.40384615384615385
AI overview,74,675.0,0.6351351351351351
Image pack,75,661.0,0.4666666666666667
Ads bottom,13,620.0,0.3076923076923077
Ads top,4,227.0,0.25
