feature,keywords,traffic,top3_share
Sitelinks,35,287.0,0.45714285714285713
Video,38,272.0,0.5
Image pack,32,272.0,0.46875
AI overview,32,156.0,0.65625
Local pack,22,113.0,0.5
People also ask,18,106.0,0.5555555555555556
Ads bottom,1,2.0,0.0
Ads top,0,0.0,0.0
