feature,keywords,traffic,top3_share
Video,172,1118.0,0.37790697674418605
Sitelinks,166,1100.0,0.35542168674698793
AI overview,132,800.0,0.38636363636363635
Image pack,96,616.0,0.4583333333333333
People also ask,40,297.0,0.675
Local pack,28,108.0,0.32142857142857145
Ads bottom,11,64.0,0.36363636363636365
Ads top,1,5.0,0.0
