feature,keywords,traffic,top3_share
Sitelinks,1208,8334.0,0.37334437086092714
Local pack,1032,5526.0,0.38372093023255816
AI overview,758,5436.0,0.5013192612137203
Video,654,5124.0,0.37003058103975534
People also ask,416,2433.0,0.47596153846153844
Image pack,242,1560.0,0.39669421487603307
Ads bottom,43,709.0,0.11627906976744186
Ads top,17,481.0,0.11764705882352941
