feature,keywords,traffic,top3_share
Local pack,54,234.0,0.6481481481481481
Sitelinks,31,135.0,0.8064516129032258
AI overview,27,131.0,0.8148148148148148
Image pack,29,120.0,0.5862068965517241
People also ask,27,115.0,0.8148148148148148
Video,12,46.0,0.75
Ads top,1,2.0,1.0
Ads bottom,1,2.0,0.0
