feature,keywords,traffic,top3_share
Video,38,394.0,0.23684210526315788
Image pack,33,342.0,0.24242424242424243
Sitelinks,24,289.0,0.20833333333333334
Ads top,5,183.0,0.2
Ads bottom,5,183.0,0.2
AI overview,15,80.0,0.3333333333333333
Local pack,6,25.0,0.16666666666666666
People also ask,7,20.0,0.42857142857142855
