feature,keywords,traffic,top3_share
Sitelinks,196,1533.0,0.42346938775510207
Video,148,1254.0,0.3918918918918919
Image pack,109,927.0,0.43119266055045874
People also ask,99,764.0,0.494949494949495
AI overview,106,649.0,0.5
Local pack,115,473.0,0.4
Ads top,19,345.0,0.5789473684210527
Ads bottom,39,266.0,0.38461538461538464
