feature,keywords,traffic,top3_share
Sitelinks,19,179.0,0.3157894736842105
Video,13,150.0,0.07692307692307693
Image pack,15,86.0,0.4
Ads bottom,4,86.0,0.0
Ads top,3,83.0,0.0
AI overview,13,50.0,0.5384615384615384
People also ask,5,20.0,1.0
Local pack,6,19.0,0.6666666666666666
