feature,keywords,traffic,top3_share
Sitelinks,327,1733.0,0.4954128440366973
Video,278,1723.0,0.6115107913669064
AI overview,173,1156.0,0.653179190751445
Local pack,217,1087.0,0.5207373271889401
Image pack,198,894.0,0.5303030303030303
People also ask,86,633.0,0.6627906976744186
Ads bottom,10,31.0,0.3
Ads top,3,13.0,0.3333333333333333
