feature,keywords,traffic,top3_share
Video,267,2516.0,0.5093632958801498
Sitelinks,215,2039.0,0.4883720930232558
AI overview,265,1874.0,0.6490566037735849
People also ask,146,1050.0,0.6712328767123288
Local pack,135,982.0,0.6962962962962963
Image pack,130,927.0,0.49230769230769234
Ads bottom,64,733.0,0.390625
Ads top,28,445.0,0.25
