feature,keywords,traffic,top3_share
Sitelinks,1394,11995.0,0.45911047345767575
Video,1299,11334.0,0.42340261739799845
Image pack,1273,11079.0,0.4493322859387274
People also ask,589,6701.0,0.6230899830220713
AI overview,695,4626.0,0.6057553956834533
Local pack,732,4620.0,0.5532786885245902
Ads bottom,90,758.0,0.32222222222222224
Ads top,41,321.0,0.17073170731707318
