feature,keywords,traffic,top3_share
Sitelinks,80,590.0,0.625
Video,75,554.0,0.68
People also ask,60,487.0,0.75
AI overview,76,444.0,0.75
Image pack,40,308.0,0.725
Local pack,22,140.0,0.7727272727272727
Ads bottom,9,122.0,0.5555555555555556
Ads top,4,53.0,0.5
