feature,keywords,traffic,top3_share
AI overview,40,301.0,0.7
Video,33,293.0,0.6363636363636364
Sitelinks,25,226.0,0.52
Image pack,15,155.0,0.7333333333333333
People also ask,22,124.0,0.8636363636363636
Ads top,1,87.0,0.0
Ads bottom,1,87.0,0.0
Local pack,16,63.0,0.875
