feature,keywords,traffic,top3_share
Sitelinks,400,2832.0,0.445
Video,286,2359.0,0.46503496503496505
AI overview,316,2088.0,0.49683544303797467
People also ask,171,1508.0,0.5964912280701754
Local pack,179,881.0,0.4245810055865922
Ads bottom,63,505.0,0.2698412698412698
Image pack,31,152.0,0.5161290322580645
Ads top,22,124.0,0.22727272727272727
