feature,keywords,traffic,top3_share
Sitelinks,153,724.0,0.45751633986928103
Video,98,613.0,0.4387755102040816
AI overview,113,560.0,0.5132743362831859
Image pack,99,520.0,0.42424242424242425
Local pack,93,344.0,0.5161290322580645
People also ask,64,337.0,0.578125
Ads bottom,4,11.0,0.5
Ads top,1,2.0,0.0
