url_category,keywords,traffic,traffic_cost,avg_position
agency,7547,63849.0,593668.0,5.35391546309792
other,1327,9958.0,120621.0,4.400150715900527
trends,528,3583.0,27489.0,4.8352272727272725
geo,598,2641.0,13500.0,5.008361204013378
