feature,keywords,traffic,top3_share
Sitelinks,7549,66345.0,0.49013114319777457
Video,5325,51698.0,0.47455399061032866
Local pack,5145,38886.0,0.5226433430515063
Image pack,3622,32397.0,0.48674765323025954
AI overview,4158,31923.0,0.602934102934103
People also ask,2864,27529.0,0.6347765363128491
Ads bottom,718,13192.0,0.41643454038997213
Ads top,318,9048.0,0.3522012578616352
